


-- insert into user (username, password, stuid) values ('richard', '123', '41174153');


-- insert into location (locname, lat, long, locpic) values ('EOSC', '49.2630524', '-123.2529355', 'https://you.ubc.ca/wp-content/uploads/2013/06/UBC-Earth-and-Ocean-Sciences-Earth-Ocean-Sciences.gif');
-- insert into location (locname, lat, long, locpic) values ('CIRS', '49.2621951', '-123.2541628', 'https://upload.wikimedia.org/wikipedia/commons/thumb/1/10/CIRS_Building_UBC.jpg/1200px-CIRS_Building_UBC.jpg');
-- insert into location (locname, lat, long, locpic) values ('Math Building', '49.2664636', '-123.2600187', 'https://encrypted-tbn0.gstatic.com/images?q=tbn:ANd9GcRp-7ZtYjL-7P0O8hGZEPio1JHzfJB2pTj3sRVC0GzomuZXUsZv_GC2JyKewNHH5x2rwmU&usqp=CAU');
-- insert into location (locname, lat, long, locpic) values ('Sauder', '49.2648274', '-123.2559826', 'https://www.mba.today/images/news/ubc-sauder.jpg');
-- insert into location (locname, lat, long, locpic) values ('Triple O', '49.2658607', '-123.2566798', 'https://lh5.googleusercontent.com/p/AF1QipMjQ2onsHZly4d6qYglRraKCIo8U7Q6UaXoh9aq=w408-h270-k-no');
-- insert into location (locname, lat, long, locpic) values ('Henning', '49.2664925', '-123.2543871', 'https://mapio.net/images-p/34276474.jpg');
-- insert into location (locname, lat, long, locpic) values ('Nest', '49.2665228', '-123.2520892', 'https://www.ams.ubc.ca/wp-content/uploads/2018/08/THe-Nest_DialogBH_Panorama.jpg');
-- insert into location (locname, lat, long, locpic) values ('Thunderbird Residence', '49.2592275', '-123.2513988', 'https://vancouver.housing.ubc.ca/wp-content/uploads/2014/01/Res_detail_TB_exterior2_1170x660.jpg');
-- insert into location (locname, lat, long, locpic) values ('Ponderosa Residence', '49.2642809', '-123.2583223', 'https://vancouver.housing.ubc.ca/wp-content/uploads/2014/01/Res_detail_PC_exterior1_1170x660.jpg');
-- insert into location (locname, lat, long, locpic) values ('Wreck Beach', '49.2656824', '-123.2516173', 'https://i0.wp.com/vancouversbestplaces.com/wp-content/uploads/2018/03/Wreck-Beach.jpg?resize=640%2C310&ssl=1');



-- insert into post (username, time, description, locname, activity, maxppl) values ('Lin', '2022-Jul-29', 'Come study with meee!', 'EOSC', 'studying', 3);
-- insert into post (username, time, description, locname, activity, maxppl) values ('Lin', '2022-Aug-01', 'have a birthday party..~', 'Triple O', 'party', 10);
-- insert into post (username, time, description, locname, activity, maxppl) values ('Richard', '2022-Aug-10', 'practice double playing!!!', 'Nest', 'table tennis', 3);
-- insert into post (username, time, description, locname, activity, maxppl) values ('Peter', '2022-Aug-15', 'Someone help me do Math homework !', 'Math Building', 'studying', 2);
-- insert into post (username, time, description, locname, activity, maxppl) values ('Yuncheng Jia', '2022-Aug-16', 'Anyone who is actually good at table tennis, join me! need a partner ~~~', 'Nest', 'table tennis', 2);
-- insert into post (username, time, description, locname, activity, maxppl) values ('John', '2022-Aug-19', 'anyone with me/?', 'Wreck Beach', 'biking', 4);

-- insert into post (username, time, description, locname, activity, maxppl) values ('Lin', '2022-Aug-25', 'Just swimming, nothing else ~~~ ', 'Wreck Beach', 'swimming', 5);
-- insert into post (username, time, description, locname, activity, maxppl) values ('Peter', '2022-Sep-01', 'At third floor, gaming club, anyone play LOL please?', 'Nest', 'gaming', 5);
-- insert into post (username, time, description, locname, activity, maxppl) values ('Richard', '2022-Sep-03', 'Anyone taking CS340 ? lets do assignment 4 together', 'Sauder', 'studying', 2);
-- insert into post (username, time, description, locname, activity, maxppl) values ('Peter', '2022-Sep-10', 'hahahhahahahah hah aha hahhahaha@@@', 'Ponderosa Residence', 'party', 15);
-- insert into post (username, time, description, locname, activity, maxppl) values ('Yuncheng Jia', '2022-Sep-11', 'I need partner for CS 320 assignment 1,,,,,', 'Henning', 'studying', 3);
-- insert into post (username, time, description, locname, activity, maxppl) values ('John', '2022-Sep-11', '1 hour biking :)', 'Wreck Beach', 'biking', 4);

-- insert into post (username, time, description, locname, activity, maxppl) values ('Lin', '2022-Sep-20', 'Lets meet at EOSC, and then we go hiking', 'EOSC', 'hiking', 4);
-- insert into post (username, time, description, locname, activity, maxppl) values ('Yuncheng Jia', '2022-Sep-22', 'Anyone who is actually good at table tennis, join me! need a partner ~~~', 'Nest', 'table tennis', 2);

-- insert into post (username, time, description, locname, activity, maxppl) values ('Yuncheng Jia', '2022-Sep-24', 'Anyone who is actually good at table tennis, join me! need a partner ~~~', 'Nest', 'table tennis', 2);
-- insert into post (username, time, description, locname, activity, maxppl) values ('Yuncheng Jia', '2022-Sep-27', 'Anyone who is actually good at table tennis, join me! need a partner ~~~', 'Nest', 'table tennis', 2);

-- insert into post (username, time, description, locname, activity, maxppl) values ('Richard', '2022-Oct-05', 'doing Math 101 assignment 6 together!', 'Math Building', 'studying', 4);

-- insert into post (username, time, description, locname, activity, maxppl) values ('Peter', '2022-Oct-13', 'Midterm studying group ~~~~', 'Math Building', 'studying', 4);
-- insert into post (username, time, description, locname, activity, maxppl) values ('Lin', '2022-Oct-15', 'Lets meet at EOSC, and then we go hiking', 'EOSC', 'hiking', 4);
-- insert into post (username, time, description, locname, activity, maxppl) values ('Lin', '2022-Oct-30', 'I wanna go trick or treat ! whos with me', 'Ponderosa Residence', 'other', 4);

-- insert into post (username, time, description, locname, activity, maxppl) values ('John', '2022-Nov-01', 'Lets gooo', 'Wreck Beach', 'biking', 4);
-- insert into post (username, time, description, locname, activity, maxppl) values ('John', '2022-Nov-04', 'Letss goooo', 'Wreck Beach', 'biking', 4);
-- insert into post (username, time, description, locname, activity, maxppl) values ('John', '2022-Nov-10', 'gogogo goooo', 'Wreck Beach', 'biking', 4);


-- insert into saved (username, postid) values (1, 1);
-- insert into saved (username, postid) values (1, 2);
-- insert into saved (username, postid) values (2, 3);
-- insert into saved (username, postid) values (2, 4);

-- insert into joiner (username, postid) values (1, 3);
-- insert into joiner (username, postid) values (2, 3);
-- insert into joiner (username, postid) values (2, 4);
-- insert into joiner (username, postid) values (2, 4);

-- insert into joiner (username, postid) values (3, 5);
-- insert into joiner (username, postid) values (3, 6);