


-- insert into user (username, password, stuid) values ('richard', '123', '41174153');

insert into location (locname, lat, long, locpic) values ('EOSC', '123', '123', 'https://www.google.com.hk/url?sa=i&url=https%3A%2F%2Fyou.ubc.ca%2Fubc_programs%2Fearth-ocean-sciences%2F&psig=AOvVaw2GrUhK5cII9x5-IASw9f5j&ust=1649872039626000&source=images&cd=vfe&ved=0CAcQjRxqFwoTCKDbvoeNj_cCFQAAAAAdAAAAABAD');
insert into location (locname, lat, long, locpic) values ('CIRS', '123', '123', 'https://www.google.com.hk/maps/uv?pb=!1s0x548672b683f2bcbf%3A0x688850f7f499fe90!3m1!7e115!4shttps%3A%2F%2Flh5.googleusercontent.com%2Fp%2FAF1QipMjQ2onsHZly4d6qYglRraKCIo8U7Q6UaXoh9aq%3Dw482-h320-k-no!5zdWJjIHRyaXBsZSBPIC0gR29vZ2xlIOaQnOWwiw!15sCgIgAQ&imagekey=!1e10!2sAF1QipMjQ2onsHZly4d6qYglRraKCIo8U7Q6UaXoh9aq&hl=zh-TW&sa=X&ved=2ahUKEwi21MWojo_3AhWIGaYKHWJ3B4cQoip6BAh4EAM#');
insert into location (locname, lat, long, locpic) values ('Math Building', '123', '123', 'https://www.google.com.hk/url?sa=i&url=http%3A%2F%2Fwww.maps.ubc.ca%2FPROD%2Findex_detail.php%3Flocat1%3D518&psig=AOvVaw1uvE5BtVQi9WlTVJyBzIWi&ust=1649873223787000&source=images&cd=vfe&ved=0CAcQjRxqFwoTCIDg8eyOj_cCFQAAAAAdAAAAABAD');
insert into location (locname, lat, long, locpic) values ('Sauder', '123', '123', 'https://www.google.com.hk/url?sa=i&url=https%3A%2F%2Fwww.sauder.ubc.ca%2Fabout-ubc-sauder%2Flocations%2Fubc-campus&psig=AOvVaw1mY_1ZNbY1WR7K0mTw315t&ust=1649873266073000&source=images&cd=vfe&ved=0CAcQjRxqFwoTCOjqroKPj_cCFQAAAAAdAAAAABAD');
insert into location (locname, lat, long, locpic) values ('Triple O', '123', '123', 'https://www.google.com.hk/imgres?imgurl=https%3A%2F%2Fstudents.ubc.ca%2Fsites%2Fstudents.ubc.ca%2Ffiles%2F20190409%2520-%2520SUBC%2520%2528Fries%2529%2520-%2520edits%2520-%2520Rachel-9390.jpg&imgrefurl=https%3A%2F%2Fstudents.ubc.ca%2Fubclife%2Fsnacks-ubc-fries&tbnid=lji2TGoeNcJ-qM&vet=12ahUKEwik8ISNj4_3AhWDRvUHHVxGDiEQMygAegUIARCjAQ..i&docid=HKQMF8Ys0okFFM&w=6720&h=4480&q=ubc%20triple%20o%20building&ved=2ahUKEwik8ISNj4_3AhWDRvUHHVxGDiEQMygAegUIARCjAQ');
insert into location (locname, lat, long, locpic) values ('Henning', '123', '123', 'https://www.google.com.hk/imgres?imgurl=https%3A%2F%2Fstudents.ubc.ca%2Fsites%2Fstudents.ubc.ca%2Ffiles%2F20190409%2520-%2520SUBC%2520%2528Fries%2529%2520-%2520edits%2520-%2520Rachel-9390.jpg&imgrefurl=https%3A%2F%2Fstudents.ubc.ca%2Fubclife%2Fsnacks-ubc-fries&tbnid=lji2TGoeNcJ-qM&vet=12ahUKEwik8ISNj4_3AhWDRvUHHVxGDiEQMygAegUIARCjAQ..i&docid=HKQMF8Ys0okFFM&w=6720&h=4480&q=ubc%20triple%20o%20building&ved=2ahUKEwik8ISNj4_3AhWDRvUHHVxGDiEQMygAegUIARCjAQ');
insert into location (locname, lat, long, locpic) values ('Nest', '123', '123', 'https://www.google.com.hk/imgres?imgurl=https%3A%2F%2Fstudents.ubc.ca%2Fsites%2Fstudents.ubc.ca%2Ffiles%2F20190409%2520-%2520SUBC%2520%2528Fries%2529%2520-%2520edits%2520-%2520Rachel-9390.jpg&imgrefurl=https%3A%2F%2Fstudents.ubc.ca%2Fubclife%2Fsnacks-ubc-fries&tbnid=lji2TGoeNcJ-qM&vet=12ahUKEwik8ISNj4_3AhWDRvUHHVxGDiEQMygAegUIARCjAQ..i&docid=HKQMF8Ys0okFFM&w=6720&h=4480&q=ubc%20triple%20o%20building&ved=2ahUKEwik8ISNj4_3AhWDRvUHHVxGDiEQMygAegUIARCjAQ');
insert into location (locname, lat, long, locpic) values ('Thunderbird Residence', '123', '123', 'https://www.google.com.hk/imgres?imgurl=https%3A%2F%2Fstudents.ubc.ca%2Fsites%2Fstudents.ubc.ca%2Ffiles%2F20190409%2520-%2520SUBC%2520%2528Fries%2529%2520-%2520edits%2520-%2520Rachel-9390.jpg&imgrefurl=https%3A%2F%2Fstudents.ubc.ca%2Fubclife%2Fsnacks-ubc-fries&tbnid=lji2TGoeNcJ-qM&vet=12ahUKEwik8ISNj4_3AhWDRvUHHVxGDiEQMygAegUIARCjAQ..i&docid=HKQMF8Ys0okFFM&w=6720&h=4480&q=ubc%20triple%20o%20building&ved=2ahUKEwik8ISNj4_3AhWDRvUHHVxGDiEQMygAegUIARCjAQ');
insert into location (locname, lat, long, locpic) values ('Ponderosa Residence', '123', '123', 'https://www.google.com.hk/imgres?imgurl=https%3A%2F%2Fstudents.ubc.ca%2Fsites%2Fstudents.ubc.ca%2Ffiles%2F20190409%2520-%2520SUBC%2520%2528Fries%2529%2520-%2520edits%2520-%2520Rachel-9390.jpg&imgrefurl=https%3A%2F%2Fstudents.ubc.ca%2Fubclife%2Fsnacks-ubc-fries&tbnid=lji2TGoeNcJ-qM&vet=12ahUKEwik8ISNj4_3AhWDRvUHHVxGDiEQMygAegUIARCjAQ..i&docid=HKQMF8Ys0okFFM&w=6720&h=4480&q=ubc%20triple%20o%20building&ved=2ahUKEwik8ISNj4_3AhWDRvUHHVxGDiEQMygAegUIARCjAQ');




insert into post (username, time, description, locname, activity, maxppl) values ('Lin', '20220412', '111', 'EOSC', 'biking', 4);
insert into post (username, time, description, locname, activity, maxppl) values ('Lin', '20220414', '222', 'Triple O', 'hiking', 4);
insert into post (username, time, description, locname, activity, maxppl) values ('Lin', '20220417', '333', 'CIRS', 'table tennis', 4);
insert into post (username, time, description, locname, activity, maxppl) values ('Lin', '20220418', '334', 'Nest', 'biking', 4);


insert into post (username, time, description, locname, activity, maxppl) values ('Richard', '20220413', '444', 'Sauder', 'table tennis', 4);
insert into post (username, time, description, locname, activity, maxppl) values ('Richard', '20190415', '555', 'EOSC', 'studying', 4);
insert into post (username, time, description, locname, activity, maxppl) values ('Richard', '20190715', '666', 'EOSC', 'table tennis', 4);
insert into post (username, time, description, locname, activity, maxppl) values ('Richard', '20190725', '667', 'Math Building', 'studying', 4);

insert into post (username, time, description, locname, activity, maxppl) values ('Peter', '20220414', '222', 'Henning', 'party', 4);
insert into post (username, time, description, locname, activity, maxppl) values ('Peter', '20190415', '555', 'Nest', 'gaming', 4);
insert into post (username, time, description, locname, activity, maxppl) values ('Peter', '20190715', '666', 'Ponderosa Residence', 'party', 4);
insert into post (username, time, description, locname, activity, maxppl) values ('Peter', '20220417', '333', 'Thunderbird Residence', 'others', 4);


insert into saved (username, postid) values (1, 1);
insert into saved (username, postid) values (1, 2);
insert into saved (username, postid) values (2, 3);
insert into saved (username, postid) values (2, 4);

-- insert into joiner (username, postid) values (1, 3);
-- insert into joiner (username, postid) values (2, 3);
-- insert into joiner (username, postid) values (2, 4);
-- insert into joiner (username, postid) values (2, 4);

-- insert into joiner (username, postid) values (3, 5);
-- insert into joiner (username, postid) values (3, 6);